"Row A:         ";;;;;"WT";;" ⚫️ ";;"WZ";;" ⚫️ ";;"BP";;;;;
"Row B:       ";;;;" ⚫️ ";;"WY";;" ✖️ ";;"BZ";;" ✖️ ";;" ⚫️ ";;;;
"Row C:     ";;;" ⚫️ ";;"BY";;" ✖️ ";;" ✖️ ";;" ✖️ ";;"BY";;" ⚫️ ";;;
"Row D:   ";;" ⚫️ ";;"BG";;" ✖️ ";;"BT";;"WG";;"BP";;"BG";;" ⚫️ ";;
"Row E: ";" ⚫️ ";;" ✖️ ";;" ✖️ ";;"WG";;" ➕ ";;"WY";;"WD";;" ✖️ ";;"WD";
"Row F:   ";;"WG";;" ✖️ ";;" ✖️ ";;" ✖️ ";;" ✖️ ";;" ✖️ ";;"WZ";;" ⚫️ ";;
"Row G:     ";;;"BZ";;"BG";;" ✖️ ";;" ✖️ ";;" ✖️ ";;"BT";;" ⚫️ ";;;
"Row H:       ";;;;" ⚫️ ";;"WP";;"BP";;" ✖️ ";;"WY";;"BD";;;;
"Row I:         ";;;;;" ⚫️ ";;"BD";;" ✖️ ";;"BZ";;" ⚫️ ";;;;;
"Row J:           ";;;;;;" ⚫️ ";;" ⚫️ ";;" ⚫️ ";;" ⚫️ ";;;;;;
"       ";1;"  ";2;"  ";3;"  ";4;"  ";5;"  ";6;"  ";7;"  ";8;"  ";9;" "
